{"cameraMode":{"drawMode":0,"name":"Shaded","section":"Shading Mode"},"sceneLighting":false,"audioPlay":false,"sceneViewState":{"m_AlwaysRefresh":false,"showFog":true,"showSkybox":false,"showFlares":true,"showImageEffects":true,"showParticleSystems":true,"showVisualEffectGraphs":true,"m_FxEnabled":true},"in2DMode":false,"pivot":{"x":-0.19087815284729005,"y":2.196312189102173,"z":-0.013477087020874024},"rotation":{"x":-0.020672166720032693,"y":-0.05600203946232796,"z":-0.001109010074287653,"w":0.9983982443809509},"size":2.22784161567688,"orthographic":false}