{"cameraMode":{"drawMode":0,"name":"Shaded","section":"Shading Mode"},"sceneLighting":false,"audioPlay":false,"sceneViewState":{"m_AlwaysRefresh":false,"showFog":true,"showSkybox":false,"showFlares":true,"showImageEffects":true,"showParticleSystems":true,"showVisualEffectGraphs":true,"m_FxEnabled":true},"in2DMode":false,"pivot":{"x":-0.6351028680801392,"y":1.091801643371582,"z":0.31041789054870608},"rotation":{"x":-0.18314725160598756,"y":-0.19844244420528413,"z":0.03781329095363617,"w":-0.9621533751487732},"size":1.923675298690796,"orthographic":false}