{"cameraMode":{"drawMode":0,"name":"Shaded","section":"Shading Mode"},"sceneLighting":false,"audioPlay":false,"sceneViewState":{"m_AlwaysRefresh":false,"showFog":true,"showSkybox":false,"showFlares":true,"showImageEffects":true,"showParticleSystems":true,"showVisualEffectGraphs":true,"m_FxEnabled":true},"in2DMode":false,"pivot":{"x":-2.139242172241211,"y":1.1158826351165772,"z":0.22379755973815919},"rotation":{"x":0.06001586094498634,"y":-0.19042076170444489,"z":0.01184501126408577,"w":0.9799730181694031},"size":1.3175702095031739,"orthographic":false}