{"cameraMode":{"drawMode":0,"name":"Shaded","section":"Shading Mode"},"sceneLighting":false,"audioPlay":false,"sceneViewState":{"m_AlwaysRefresh":false,"showFog":true,"showSkybox":false,"showFlares":true,"showImageEffects":true,"showParticleSystems":true,"showVisualEffectGraphs":true,"m_FxEnabled":true},"in2DMode":false,"pivot":{"x":0.3313138484954834,"y":1.1854137182235718,"z":-0.02964329719543457},"rotation":{"x":-0.09131183475255966,"y":-0.03972744569182396,"z":0.0036454633809626104,"w":-0.995059072971344},"size":1.96262788772583,"orthographic":false}