{"cameraMode":{"drawMode":0,"name":"Shaded","section":"Shading Mode"},"sceneLighting":false,"audioPlay":false,"sceneViewState":{"m_AlwaysRefresh":false,"showFog":true,"showSkybox":false,"showFlares":true,"showImageEffects":true,"showParticleSystems":true,"showVisualEffectGraphs":true,"m_FxEnabled":true},"in2DMode":false,"pivot":{"x":-0.37338268756866457,"y":1.571503758430481,"z":2.945549964904785},"rotation":{"x":0.01919814758002758,"y":0.02796310745179653,"z":-0.0003982101916335523,"w":0.9995484352111816},"size":3.1429693698883058,"orthographic":false}