{"cameraMode":{"drawMode":0,"name":"Shaded","section":"Shading Mode"},"sceneLighting":false,"audioPlay":false,"sceneViewState":{"m_AlwaysRefresh":false,"showFog":true,"showSkybox":false,"showFlares":true,"showImageEffects":true,"showParticleSystems":true,"showVisualEffectGraphs":true,"m_FxEnabled":true},"in2DMode":false,"pivot":{"x":-0.00432741641998291,"y":1.0509305000305176,"z":-0.027528174221515657},"rotation":{"x":-0.04257757216691971,"y":-0.020650431513786317,"z":-0.0010451767593622208,"w":0.9989556074142456},"size":1.5212849378585816,"orthographic":false}