{"cameraMode":{"drawMode":0,"name":"Shaded","section":"Shading Mode"},"sceneLighting":false,"audioPlay":false,"sceneViewState":{"m_AlwaysRefresh":false,"showFog":true,"showSkybox":false,"showFlares":true,"showImageEffects":true,"showParticleSystems":true,"showVisualEffectGraphs":true,"m_FxEnabled":true},"in2DMode":false,"pivot":{"x":-0.4419874846935272,"y":0.9272521138191223,"z":-0.12201988697052002},"rotation":{"x":0.2328193038702011,"y":-0.04510015621781349,"z":0.011006280779838562,"w":0.9715922474861145},"size":0.7175702452659607,"orthographic":false}